wine_class,alcohol,malic_acid,ash,alcalinity_of_ash,magnesium,total_phenols,flavanoids,nonflavanoid_phenols,proanthocyanins,color_intensity,hue,od280/od315_of_diluted_wines,proline,alcohol_scaled,malic_acid_scaled,ash_scaled,alcalinity_of_ash_scaled,magnesium_scaled,total_phenols_scaled,flavanoids_scaled,nonflavanoid_phenols_scaled,proanthocyanins_scaled,color_intensity_scaled,hue_scaled,od280/od315_of_diluted_wines_scaled,proline_scaled
class_0,14.23,1.71,2.43,15.6,127.0,2.8,3.06,0.28,2.29,5.64,1.04,3.0149999999999997,1065.0,1.5590885833461012,-0.5491738681990382,0.25268334366234996,-1.250236236216085,1.9589465512480602,0.8363026988843133,1.030219888533768,-0.6835038692464538,1.2804697544604777,0.24332905289119083,0.37995631931872637,0.6168603453352242,0.9010967254596527
class_0,13.74,1.78,2.14,11.2,100.0,2.65,2.76,0.26,1.28,4.38,1.05,3.0149999999999997,1050.0,0.9366312132096046,-0.48577505609691723,-0.8938894159104223,-2.649136732939752,0.02184400757913388,0.5895745649974458,0.7303672705702806,-0.8471790432867419,-0.5877151053943401,-0.31437059683574975,0.42405135378323106,0.6168603453352242,0.8565506025916754
class_0,13.16,2.36,2.67,18.6,101.0,2.8,3.24,0.3,2.81,5.68,1.03,3.17,1793.75,0.19984493835415987,0.03952938703494177,1.2015711446880915,-0.2964404429954026,0.09358854623353856,0.8363026988843133,1.2101314593118602,-0.5198286952061661,2.242307504088701,0.26103380367617307,0.3358612848542217,0.8431417002810276,3.065295861462216
class_0,14.37,1.75,2.5,16.8,113.0,3.85,3.49,0.24,2.18,7.8,0.86,3.45,1480.0,1.7369335462422415,-0.5129459755692548,0.5294422856281908,-0.868717918927812,0.9545230100863947,2.5633996360923876,1.4600086409480992,-1.0108542173270298,1.0770040766545077,1.1993855952802321,-0.41375430104235744,1.2519080188928011,2.1335394581403575
class_0,13.24,2.59,2.87,17.0,118.0,2.8,2.69,0.39,1.92,4.32,1.04,2.93,735.0,0.3014706314376696,0.24783976965619622,1.9923109788762108,-0.8051315327131001,1.3132457033584182,0.8363026988843133,0.6604016597121338,0.21670958797512963,0.5960852018403958,-0.34092772301322294,0.37995631931872637,0.4927705700423652,-0.07891797763584754
class_0,14.2,1.76,2.45,15.2,112.0,3.27,3.39,0.34,1.97,6.75,1.05,2.85,1450.0,1.5209789484397838,-0.5038890024118089,0.3317573270811619,-1.3774090086455095,0.8827784714319901,1.6093841850631656,1.3600577682936037,-0.19247834712559006,0.6885696008431096,0.7346358871744483,0.42405135378323106,0.3759801932961441,2.044447212404403
class_0,14.39,1.87,2.45,14.6,96.0,2.5,2.52,0.3,1.98,5.25,1.02,3.58,1290.0,1.7623399695131208,-0.4042622976799045,0.3317573270811619,-1.5681681672896457,-0.26513414703848487,0.3428464311105783,0.49048517619949134,-0.5198286952061661,0.7070664806436524,0.0707077327376141,0.291766250389717,1.44169238110541,1.5692885684793119
class_0,14.06,2.15,2.61,17.6,121.0,2.6,2.51,0.31,1.25,5.05,1.06,3.0149999999999997,1295.0,1.3431339855436435,-0.150667049271421,0.9643491944316557,-0.6143723740689633,1.5284793193216322,0.5073318537018235,0.4804900889340415,-0.43799110818602216,-0.6432057447959684,-0.017816021187297196,0.46814638824773575,0.6168603453352242,1.584137276101971
class_0,14.83,1.64,2.17,17.0,97.0,2.825,2.98,0.29,1.98,5.2,1.08,2.85,1045.0,2.321281281472423,-0.6125726803011592,-0.7752784407822053,-0.8051315327131001,-0.19338960838408017,0.8774240545321251,0.9502591904101713,-0.6016662822263102,0.7070664806436524,0.04857679425638638,0.5563364571767451,0.3759801932961441,0.8417018949690163
class_0,13.86,1.35,2.27,16.0,135.5,2.98,3.15,0.22,1.85,7.22,1.01,3.55,1045.0,1.089069752834868,-0.8752249018670886,-0.3799085236881456,-1.1230634637866608,2.5687751298105,1.1323764595485548,1.120175673922814,-1.1745293913673178,0.46660704323659685,0.9426667088979895,0.24767121592521232,1.397895989825577,0.8417018949690163
class_0,14.1,2.16,2.3,18.0,105.0,2.95,3.32,0.22,2.38,5.75,1.25,3.17,1793.75,1.3939468320853972,-0.14161007611397494,-0.26129754855992854,-0.48719960163953946,0.3805667008511573,1.0830308327711815,1.2900921574354565,-1.1745293913673178,1.4469416726653623,0.2920171175498921,1.3059520430733238,0.8431417002810276,3.065295861462216
class_0,14.12,1.48,2.32,16.8,95.0,2.2,2.43,0.26,1.57,5.43,1.17,2.82,1280.0,1.419353255356274,-0.7574842508202927,-0.1822235651411166,-0.868717918927812,-0.33687868569288953,-0.1506098366631568,0.40052939081044536,-0.8471790432867419,-0.051305591178600236,0.15037911127003406,0.9531917673572863,0.3321838020163109,1.5395911532339936
class_0,13.75,1.73,2.41,16.0,89.0,2.6,2.76,0.29,1.81,5.6,1.15,2.9,1320.0,0.949334424845043,-0.5310599218841465,0.173609360243538,-1.1230634637866608,-0.7673459176193176,0.5073318537018235,0.7303672705702806,-0.6016662822263102,0.3926195240344258,0.22562430210620857,0.8650016984282769,0.448974178762532,1.6583808142152665
class_0,13.74,1.73,2.39,11.4,91.0,3.1,3.69,0.43,2.81,5.4,1.065,2.73,1150.0,0.9366312132096046,-0.5310599218841465,0.09453537682472607,-2.58555034672504,-0.6238568403105083,1.3297589666580492,1.6599103862570903,0.5440599360557052,2.242307504088701,0.13710054818129766,0.4901939054799876,0.2007946281768126,1.1535247550448573
class_0,14.38,1.75,2.45,17.0,102.0,3.3,3.64,0.29,1.92,7.5,1.065,3.0,1547.0,1.7496367578776824,-0.5129459755692548,0.3317573270811619,-0.8051315327131001,0.16533308488794324,1.658729811840539,1.6099349499298428,-0.6016662822263102,0.5960852018403958,1.0665999643928654,0.4901939054799876,0.5949621496953083,2.3325121402839892
class_0,13.63,1.81,2.7,17.2,112.0,2.85,2.91,0.3,1.46,7.3,1.28,2.88,1310.0,0.7968958852197797,-0.45860413662457966,1.3201821198163102,-0.7415451464983882,0.8827784714319901,0.9185454101799363,0.8802935795520245,-0.5198286952061661,-0.2547712689845707,0.978076210467954,1.4382371464668378,0.4197765845759767,1.6286833989699483
class_0,14.3,1.92,2.72,20.0,120.0,2.8,3.14,0.33,1.97,6.2,1.07,2.65,1280.0,1.6480110647941726,-0.35897743189267545,1.3992561032351223,0.14866426050758186,1.4567347806672275,0.8363026988843133,1.1101805866573644,-0.2743159341457341,0.6885696008431096,0.4911955638809425,0.5122414227122404,0.08400425143059158,1.5395911532339936
class_0,13.83,1.57,2.45,20.0,115.0,2.95,3.4,0.4,1.72,6.6,1.13,2.57,1130.0,1.0509601179285528,-0.6759714924032799,0.3317573270811619,0.14866426050758186,1.0980120873952042,1.0830308327711815,1.370052855559053,0.29854717499527367,0.22614760582954085,0.6682430717307647,0.7768116294992675,-0.03278612531562945,1.0941299245542209
class_0,14.19,1.59,2.48,16.5,108.0,3.3,3.93,0.32,1.86,8.7,1.23,2.82,1680.0,1.5082757368043453,-0.6578575460883883,0.4503683022093789,-0.9640974982498804,0.5958003168143713,1.658729811840539,1.89979248062788,-0.3561535211658781,0.4851039230371396,1.5977424879423323,1.2177619741443144,0.3321838020163109,2.7274877630467214
class_0,13.64,3.1,2.56,15.2,116.0,2.7,3.03,0.17,1.66,5.1,0.96,3.36,845.0,0.8095990968552181,0.7097454006859346,0.7666642358846267,-1.3774090086455095,1.1697566260496088,0.6718172762930688,1.000234626737419,-1.5837173264680375,0.11516632702628425,0.004314917293930529,0.02719604360268891,1.1205188450533021,0.24775359006265252
class_0,14.06,1.63,2.28,16.0,126.0,3.0,2.99,0.24,1.92,5.65,1.065,3.71,780.0,1.3431339855436435,-0.621629653458605,-0.3403715319787405,-1.1230634637866608,1.8872020125936555,1.1652735440668038,0.9602542776756211,-1.0108542173270298,0.5960852018403958,0.2477552405874367,0.4901939054799876,1.6314767433180188,0.05472039096808431
class_0,12.93,3.8,2.65,18.6,102.0,2.41,2.99,0.25,1.98,4.5,1.03,3.52,770.0,-0.0923289292609308,1.3437335217071438,1.1224971612692796,-0.2964404429954026,0.16533308488794324,0.19480955077845788,0.9602542776756211,-0.9290166303068859,0.7070664806436524,-0.261256344480803,0.3358612848542217,1.3540995985457442,0.025022975722766117
class_0,13.71,1.86,2.36,16.6,101.0,2.61,2.88,0.27,1.69,3.8,1.11,4.0,1035.0,0.8985215783032894,-0.41331927083735037,-0.02407559830349272,-0.9323043051425239,0.09358854623353856,0.5237803959609477,0.8503083177556755,-0.7653414562665978,0.17065696642791256,-0.5710894832179924,0.6886215605702591,2.0548418590230697,0.8120044797236982
class_0,12.85,1.6,2.52,17.8,95.0,2.48,2.99,0.26,1.46,3.93,1.09,3.63,1015.0,-0.1939546223444405,-0.6488005729309424,0.6085162690470028,-0.5507859878542514,-0.33687868569288953,0.3099493465923292,0.9602542776756211,-0.8471790432867419,-0.2547712689845707,-0.5135490431667998,0.6004314916412498,1.5146863665717978,0.7526096492330617
class_0,13.5,1.81,2.61,20.0,96.0,2.53,2.61,0.28,1.66,3.52,1.12,3.82,845.0,0.6317541339590755,-0.45860413662457966,0.9643491944316557,0.14866426050758186,-0.26513414703848487,0.3921920578879515,0.5804409615885373,-0.6835038692464538,0.11516632702628425,-0.6950227387128679,0.7327165950347638,1.7920635113440726,0.24775359006265252
class_0,13.05,2.05,3.0,25.0,124.0,2.63,2.68,0.47,1.92,3.58,1.13,3.2,830.0,0.06010961036433489,-0.24123678084587954,2.5062918710984876,1.7383239158753852,1.7437129352848462,0.5566774804791967,0.6504065724466845,0.871410284136281,0.5960852018403958,-0.6684656125353945,0.7768116294992675,0.8869380915608608,0.20320746719467525
class_0,13.39,1.77,2.62,16.1,93.0,2.85,2.99,0.34,1.45,4.8,0.92,3.22,1195.0,0.49201880596925057,-0.4948320292543631,1.0038861861410624,-1.0912702706793043,-0.48036776300169887,0.9185454101799363,0.9602542776756211,-0.19247834712559006,-0.27326814878511346,-0.12847071359343623,-0.14918409425532933,0.9161356857474161,1.287163123648789
class_0,13.3,1.72,2.14,17.0,94.0,2.4,2.19,0.27,1.35,3.95,1.065,2.77,1285.0,0.37768990125030244,-0.5401168950415923,-0.8938894159104223,-0.8051315327131001,-0.4086232243472942,0.17836100851933298,0.16064729643965558,-0.7653414562665978,-0.4582369467905407,-0.5046966677743088,0.4901939054799876,0.2591898165499231,1.5544398608566528
class_0,13.87,1.9,2.8,19.4,107.0,2.95,2.97,0.37,1.76,4.5,1.25,3.4,915.0,1.1017729644703065,-0.37709137820756716,1.7155520369103683,-0.04209489813655499,0.5240557781599666,1.0830308327711815,0.940264103144722,0.05303441393484157,0.3001351250317119,-0.261256344480803,1.3059520430733238,1.1789140334264128,0.45563549677987986
class_0,14.02,1.68,2.21,16.0,96.0,2.65,2.33,0.26,1.98,4.7,1.04,3.59,1035.0,1.2923211390018874,-0.5763447876713758,-0.6171304739445814,-1.1230634637866608,-0.26513414703848487,0.5895745649974458,0.3005785181559496,-0.8471790432867419,0.7070664806436524,-0.17273259055589169,0.37995631931872637,1.4562911781986874,0.8120044797236982
class_0,13.73,1.5,2.7,22.5,135.5,3.0,3.25,0.29,2.38,5.7,1.19,2.71,1285.0,0.9239280015741662,-0.739370304505401,1.3201821198163102,0.9434940881914835,2.5687751298105,1.1652735440668038,1.2201265465773095,-0.6016662822263102,1.4469416726653623,0.2698861790686644,1.0413818362862957,0.17159703399025736,1.5544398608566528
class_0,13.58,1.66,2.36,19.1,106.0,2.86,3.19,0.22,1.95,6.9,1.09,2.88,1515.0,0.7333798270425853,-0.5944587339862675,-0.02407559830349272,-0.1374744774586223,0.45231123950556196,0.9349939524390605,1.1601560229846122,-1.1745293913673178,0.6515758412420241,0.8010287026181319,0.6004314916412498,0.4197765845759767,2.237480411498971
class_0,13.68,1.83,2.45,17.2,104.0,2.42,2.69,0.42,1.97,3.84,1.23,2.87,1095.0,0.8604119433969718,-0.44049019030968795,0.3317573270811619,-0.7415451464983882,0.3088221621967526,0.21125809303758203,0.6604016597121338,0.46222234903556125,0.6885696008431096,-0.55338473243301,1.2177619741443144,0.4051777874826994,0.9901889711956072
class_0,13.76,1.53,2.7,19.5,132.0,2.95,2.74,0.5,1.35,5.4,1.25,3.0,1235.0,0.9620376364804816,-0.7121993850330633,1.3201821198163102,-0.010301705029198473,2.3176692445200837,1.0830308327711815,0.7103770960393819,1.116923045196713,-0.4582369467905407,0.13710054818129766,1.3059520430733238,0.5949621496953083,1.405952784630062
class_0,13.51,1.75,2.65,19.0,110.0,2.35,2.53,0.29,1.54,4.2,1.1,2.87,1095.0,0.644457345594514,-0.5129459755692548,1.1224971612692796,-0.1692676705659788,0.7392893941231807,0.09611829722371072,0.5004802634649407,-0.6016662822263102,-0.10679623058022854,-0.3940419753681697,0.6445265261057544,0.4051777874826994,0.9901889711956072
class_0,13.48,1.81,2.41,20.5,100.0,2.7,2.98,0.26,1.86,5.1,1.04,3.47,920.0,0.6063477106881987,-0.45860413662457966,0.173609360243538,0.3076302260443622,0.02184400757913388,0.6718172762930688,0.9502591904101713,-0.8471790432867419,0.4851039230371396,0.004314917293930529,0.37995631931872637,1.2811056130793566,0.47048420440253896
class_0,13.28,1.64,2.84,15.5,110.0,2.6,2.68,0.34,1.92,4.6,1.09,2.78,880.0,0.35228347797942333,-0.6125726803011592,1.873700003747992,-1.282029429323441,0.7392893941231807,0.5073318537018235,0.6504065724466845,-0.19247834712559006,0.5960852018403958,-0.21699446751834753,0.6004314916412498,0.2737886136432004,0.3516945434212662
class_0,13.05,1.65,2.55,18.0,98.0,2.45,2.43,0.29,1.44,4.25,1.065,2.51,1105.0,0.06010961036433489,-0.6035157071437134,0.7271272441752198,-0.48719960163953946,-0.12164506972967548,0.260603719814956,0.40052939081044536,-0.6016662822263102,-0.2917650285856562,-0.371911036886942,0.4901939054799876,-0.12037890787529522,1.0198863864409253
class_0,13.07,1.5,2.1,15.5,98.0,2.4,2.64,0.28,1.37,3.7,1.18,2.69,1020.0,0.08551603363521175,-0.739370304505401,-1.0520373827480463,-1.282029429323441,-0.12164506972967548,0.17836100851933298,0.6104262233848862,-0.6835038692464538,-0.4212431871894552,-0.6153513601804478,0.997286801821791,0.1423994398037021,0.7674583568557208
class_0,14.22,3.99,2.51,13.2,135.5,3.0,3.04,0.2,2.08,5.1,0.89,3.53,760.0,1.5463853717106628,1.5158160116986152,0.5689792773375959,-2.0132728707926306,2.5687751298105,1.1652735440668038,1.0102297140028687,-1.3382045654076056,0.89203527864908,0.004314917293930529,-0.28146919764884337,1.3686983956390215,-0.004674439522552071
class_0,13.56,1.71,2.31,16.2,117.0,3.15,3.29,0.34,2.34,6.13,1.065,3.0149999999999997,795.0,0.7079734037717084,-0.5491738681990382,-0.2217605568505217,-1.0594770775719489,1.2415011647040135,1.4120016779536713,1.260106895639108,-0.19247834712559006,1.3729541534631913,0.46021225000722343,0.4901939054799876,0.6168603453352242,0.0992665138360616
class_0,13.41,3.84,2.12,18.8,90.0,2.45,2.68,0.27,1.48,4.28,0.91,3.0149999999999997,1035.0,0.5174252292401275,1.3799614143369272,-0.9729633993292343,-0.2328540567806907,-0.6956013789649129,0.260603719814956,0.6504065724466845,-0.7653414562665978,-0.21777750938348514,-0.3586324737982052,-0.19327912871983402,0.6168603453352242,0.8120044797236982
class_0,13.88,1.89,2.59,15.0,101.0,3.25,3.56,0.17,1.7,5.43,0.88,3.56,1095.0,1.1144761761057471,-0.386148351365013,0.8852752110128437,-1.4409953948602214,0.09358854623353856,1.5764871005449166,1.5299742518062462,-1.5837173264680375,0.18915384622845532,0.15037911127003406,-0.32556423211334806,1.4124947869188549,0.9901889711956072
class_0,13.24,3.98,2.29,17.5,103.0,2.64,2.99,0.32,1.66,4.36,0.82,3.0,680.0,0.3014706314376696,1.506759038541169,-0.30083454026933365,-0.6461655671763198,0.23707762354234793,0.5731260227383216,0.9602542776756211,-0.3561535211658781,0.11516632702628425,-0.3232229722282407,-0.5901344389003762,0.5949621496953083,-0.24225376148509759
class_0,13.74,1.77,2.1,17.0,107.0,3.0,3.0,0.28,2.03,5.04,0.88,3.35,885.0,0.9366312132096046,-0.4948320292543631,-1.0520373827480463,-0.8051315327131001,0.5240557781599666,1.1652735440668038,0.9702493649410704,-0.6835038692464538,0.7995508796463658,-0.022242208883542662,-0.32556423211334806,1.1059200479600249,0.36654325104392527
class_0,14.21,4.04,2.44,18.9,111.0,2.85,2.65,0.3,1.25,5.24,0.87,3.33,1080.0,1.5336821600752244,1.5611008774858441,0.292220335371755,-0.2010608636733353,0.8110339327775854,0.9185454101799363,0.6204213106503356,-0.5198286952061661,-0.6432057447959684,0.06628154504136863,-0.36965926657785275,1.0767224537734696,0.94564284832763
class_0,14.38,3.59,2.28,16.0,102.0,3.25,3.17,0.27,2.19,4.9,1.04,3.44,1065.0,1.7496367578776824,1.153537085400781,-0.3403715319787405,-1.1230634637866608,0.16533308488794324,1.5764871005449166,1.140165848453713,-0.7653414562665978,1.0955009564550502,-0.08420883663098037,0.37995631931872637,1.2373092217995232,0.9010967254596527
class_0,13.9,1.68,2.45,17.0,101.0,3.1,3.39,0.21,2.14,6.1,0.91,3.33,985.0,1.1398825993766242,-0.5763447876713758,0.3317573270811619,-0.8051315327131001,0.09358854623353856,1.3297589666580492,1.3600577682936037,-1.2563669783874618,1.0030165574523366,0.4469336869184866,-0.19327912871983402,1.0767224537734696,0.6635174034971072
class_0,13.74,2.02,2.4,18.8,103.0,2.75,2.92,0.32,2.38,6.2,1.07,2.75,1060.0,0.9366312132096046,-0.2684077003182169,0.13407236853413115,-0.2328540567806907,0.23707762354234793,0.7540599875886911,0.8902886668174739,-0.3561535211658781,1.4469416726653623,0.4911955638809425,0.5122414227122404,0.22999222236336786,0.8862480178369936
class_0,13.94,1.73,2.27,17.4,105.0,2.88,3.54,0.32,2.08,8.9,1.12,3.1,1260.0,1.1906954459183778,-0.5310599218841465,-0.3799085236881456,-0.6779587602836763,0.3805667008511573,0.9678910369573095,1.509984077275347,-0.3561535211658781,0.89203527864908,1.686266241867244,0.7327165950347638,0.7409501206280845,1.4801963227433574
class_0,13.05,1.73,2.04,12.4,92.0,2.72,3.27,0.29,2.91,7.2,1.12,2.91,1095.0,0.06010961036433489,-0.5310599218841465,-1.289259333004482,-2.267618415651479,-0.5521123016561036,0.7047143608113178,1.2401167211082087,-0.6016662822263102,2.4272763020941284,0.9338143335054986,0.7327165950347638,0.4635729758558099,0.9901889711956072
class_0,13.83,1.65,2.6,17.2,94.0,2.45,2.99,0.22,2.29,5.6,1.24,3.0149999999999997,1265.0,1.0509601179285528,-0.6035157071437134,0.9248122027222505,-0.7415451464983882,-0.4086232243472942,0.260603719814956,0.9602542776756211,-1.1745293913673178,1.2804697544604777,0.22562430210620857,1.261857008608819,0.6168603453352242,1.4950450303660165
class_0,13.82,1.75,2.42,14.0,111.0,2.825,3.74,0.32,1.92,7.05,1.01,3.0149999999999997,1190.0,1.0382569062931144,-0.5129459755692548,0.2131463519529431,-1.758927325933782,0.8110339327775854,0.8774240545321251,1.7098858225843385,-0.3561535211658781,0.5960852018403958,0.867421518061815,0.24767121592521232,0.6168603453352242,1.27231441602613
class_0,13.74,1.9,2.68,17.1,115.0,3.0,2.79,0.39,1.68,6.3,1.13,3.0149999999999997,1375.0,0.9366312132096046,-0.37709137820756716,1.2411081363974983,-0.7733383396057436,1.0980120873952042,1.1652735440668038,0.7603525323666296,0.21670958797512963,0.1521600866273698,0.535457440843398,0.7768116294992675,0.6168603453352242,1.8217165980645165
class_0,13.74,1.67,2.45,16.4,118.0,2.6,2.9,0.21,1.62,5.85,0.92,3.2,1060.0,0.9366312132096046,-0.5854017608288217,0.3317573270811619,-0.995890691357237,1.3132457033584182,0.5073318537018235,0.8702984922865746,-1.2563669783874618,0.0411788078241136,0.3362789945123476,-0.14918409425532933,0.8869380915608608,0.8862480178369936
class_0,13.56,1.73,2.46,20.5,116.0,2.96,2.78,0.2,2.45,6.25,0.98,3.03,1120.0,0.7079734037717084,-0.5310599218841465,0.37129431879056696,0.3076302260443622,1.1697566260496088,1.0994793750303058,0.7503574451011797,-1.3382045654076056,1.576419831269162,0.5133265023621701,0.11538611253169827,0.6387585409751408,1.0644325093089027
class_0,14.22,1.7,2.3,16.3,118.0,3.2,3.0,0.26,2.03,6.38,0.94,3.31,970.0,1.5463853717106628,-0.558230841356484,-0.26129754855992854,-1.0276838844645924,1.3132457033584182,1.4942443892492943,0.9702493649410704,-0.8471790432867419,0.7995508796463658,0.5708669424133624,-0.06099402532632046,1.0475248595869144,0.6189712806291299
class_0,13.29,1.97,2.68,16.8,102.0,3.0,3.23,0.31,1.92,6.0,1.07,2.84,1270.0,0.36498668961486175,-0.31369256610544616,1.2411081363974983,-0.868717918927812,0.16533308488794324,1.1652735440668038,1.2001363720464104,-0.43799110818602216,0.5960852018403958,0.4026718099560312,0.5122414227122404,0.3613813962028662,1.5098937379886757
class_0,13.72,1.43,2.5,16.7,108.0,3.4,3.67,0.19,1.92,6.8,0.89,2.87,1285.0,0.9112247899387278,-0.8027691166075219,0.5294422856281908,-0.9005111120351685,0.5958003168143713,1.8232152344317842,1.6399202117261913,-1.4200421524277496,0.5960852018403958,0.756766825655676,-0.28146919764884337,0.4051777874826994,1.5544398608566528
class_1,12.37,0.94,1.76,10.749999999999998,88.0,1.98,0.57,0.37,0.42,1.95,1.05,1.82,520.0,-0.8037087808454987,-1.2465608013223684,-2.396295100867848,-2.792206101922855,-0.8390904562737223,-0.5124777663638964,-1.4585568405631741,0.05303441393484157,-2.1784467682410167,-1.3899342070234209,0.42405135378323106,-1.1276959073114503,-0.7174124054101886
class_1,12.33,1.1,2.28,16.0,101.0,2.05,1.09,0.63,0.41,3.27,1.25,1.67,680.0,-0.8545216273872525,-1.1016492308032348,-0.3403715319787405,-1.1230634637866608,0.09358854623353856,-0.39733797055002507,-0.9388123027597964,2.1808116764585845,-2.1969436480415596,-0.8056774311190069,1.3059520430733238,-1.3466778637106147,-0.24225376148509759
class_1,12.64,1.36,2.02,20.0,100.0,2.02,1.41,0.53,0.62,5.75,0.98,1.59,450.0,-0.46072206668865207,-0.8661679287096428,-1.368333316423294,0.14866426050758186,0.02184400757913388,-0.44668359732739826,-0.6189695102654106,1.362435806257145,-1.8085091722301616,0.2920171175498921,0.11538611253169827,-1.4634682404568353,-0.9252943121274159
class_1,13.67,1.25,1.92,18.0,94.0,2.1,1.79,0.32,1.62,3.8,1.04,2.46,630.0,0.8477087317615334,-0.9657946334415471,-1.7637032335173537,-0.48719960163953946,-0.4086232243472942,-0.31509525925440207,-0.23915619417832693,-0.3561535211658781,0.0411788078241136,-0.5710894832179924,0.37995631931872637,-0.19337289334168303,-0.39074083771168855
class_1,12.37,1.13,2.16,19.0,87.0,3.5,2.03,0.19,1.87,4.45,1.22,2.87,420.0,-0.8037087808454987,-1.0744783113308973,-0.8148154324916104,-0.1692676705659788,-0.9108349949281269,1.9877006570230293,0.0007259001924623979,-1.4200421524277496,0.5036008028376824,-0.2833872829620307,1.1736669396798096,0.4051777874826994,-1.0143865578633704
class_1,12.17,1.45,2.53,19.0,104.0,2.2,1.75,0.45,1.03,2.95,1.45,2.23,355.0,-1.0577730135542718,-0.7846551702926302,0.6480532607564079,-0.1692676705659788,0.3088221621967526,-0.1506098366631568,-0.2791365432401252,0.7077351100959933,-1.0501371004079088,-0.9473154373988648,2.1878527323634165,-0.5291452264870682,-1.2074197569579388
class_1,12.37,1.21,2.56,18.1,98.0,2.42,2.65,0.37,2.08,4.6,1.19,2.3,678.0,-0.8037087808454987,-1.0020225260713305,0.7666642358846267,-0.45540640853218295,-0.12164506972967548,0.21125809303758203,0.6204213106503356,0.05303441393484157,0.89203527864908,-0.21699446751834753,1.0413818362862957,-0.4269536468341251,-0.24819324453416122
class_1,13.11,1.01,1.76,15.0,78.0,2.98,3.18,0.26,2.28,5.3,1.12,3.18,502.0,0.13632888017696548,-1.1831619892202474,-2.396295100867848,-1.4409953948602214,-1.5565358428177691,1.1323764595485548,1.1501609357191627,-0.8471790432867419,1.2619728746599346,0.09283867121884183,0.7327165950347638,0.8577404973743056,-0.7708677528517613
class_1,12.37,1.17,1.92,19.6,78.0,2.11,2.0,0.27,1.04,4.68,1.12,3.48,510.0,-0.8037087808454987,-1.038250418701114,-1.7637032335173537,0.021491488078158046,-1.5565358428177691,-0.2986467169952779,-0.029259361603886102,-0.7653414562665978,-1.031640220607366,-0.181584965948383,0.7327165950347638,1.2957044101726338,-0.7471098206555068
class_1,13.34,0.94,2.36,17.0,110.0,2.53,1.3,0.55,0.42,3.17,1.02,1.93,750.0,0.42850274779205616,-1.2465608013223684,-0.02407559830349272,-0.8051315327131001,0.7392893941231807,0.3921920578879515,-0.7289154701853556,1.526110980297433,-2.1784467682410167,-0.8499393080814626,0.291766250389717,-0.9671091392853967,-0.03437185476787026
class_1,12.21,1.19,1.76,16.8,135.5,1.85,1.28,0.14,2.5,2.85,1.28,3.07,718.0,-1.006960167012516,-1.0201364723862223,-2.396295100867848,-0.868717918927812,2.5687751298105,-0.7263088157325148,-0.7489056447162548,-1.8292300875284693,1.6689042302718755,-0.9915773143613205,1.4382371464668378,0.6971537293482514,-0.12940358355288847
class_1,12.29,1.61,2.21,20.4,88.0,1.1,1.02,0.37,1.46,3.05,0.906,1.82,870.0,-0.9053344739290085,-0.6397435997734966,-0.6171304739445814,0.2758370329370057,-0.8390904562737223,-1.9599494851668533,-1.0087779136179436,0.05303441393484157,-0.2547712689845707,-0.9030535604364094,-0.2109171425056359,-1.1276959073114503,0.321997128175948
class_1,13.86,1.51,2.24,25.0,86.0,2.95,2.03,0.21,1.87,3.38,1.36,3.16,410.0,1.089069752834868,-0.7303133313479551,-0.4985194988163626,1.7383239158753852,-0.9825795335825317,1.0830308327711815,0.0007259001924623979,-1.2563669783874618,0.5036008028376824,-0.7569893664603058,1.7909974221828753,0.8285429031877503,-1.0440839731086886
class_1,13.49,1.66,2.24,24.0,88.0,1.88,1.84,0.27,1.03,3.74,0.98,2.78,472.0,0.6190509223236371,-0.5944587339862675,-0.4985194988163626,1.4203919848018245,-0.8390904562737223,-0.6769631889551416,-0.18918075785107907,-0.7653414562665978,-1.0501371004079088,-0.5976466093954655,0.11538611253169827,0.2737886136432004,-0.8599599985877159
class_1,12.99,1.67,2.6,27.950000000000003,135.5,3.3,2.89,0.21,1.96,3.35,1.31,3.5,985.0,-0.016109659448297956,-0.5854017608288217,0.9248122027222505,2.67622311254239,2.5687751298105,1.658729811840539,0.8603034050211253,-1.2563669783874618,0.6700727210425669,-0.7702679295490424,1.5705222498603517,1.324902004359189,0.6635174034971072
class_1,11.96,1.09,2.3,21.0,101.0,3.38,2.14,0.13,1.65,3.21,0.99,2.81,886.0,-1.3245404578984834,-1.1107062039606805,-0.26129754855992854,0.4665961915811425,0.09358854623353856,1.790318149913535,0.11067186011240794,-1.9110676745486133,0.09666944722574149,-0.8322345572964803,0.15948114699620294,0.31758500492303365,0.3695129925684571
class_1,11.66,1.88,1.92,16.0,97.0,1.61,1.57,0.34,1.15,3.8,1.23,2.14,428.0,-1.7056368069616454,-0.3952053245224589,-1.7637032335173537,-1.1230634637866608,-0.19338960838408017,-1.121073829951503,-0.4590481140182173,-0.19247834712559006,-0.828174542801396,-0.5710894832179924,1.2177619741443144,-0.6605344003265665,-0.990628625667116
class_1,13.03,0.9,1.76,16.0,86.0,1.95,2.03,0.24,1.46,4.6,1.19,2.48,392.0,0.03470318709345577,-1.2827886939521518,-2.396295100867848,-1.1230634637866608,-0.9825795335825317,-0.5618233931412699,0.0007259001924623979,-1.0108542173270298,-0.2547712689845707,-0.21699446751834753,1.0413818362862957,-0.1641752991551278,-1.0975393205502615
class_1,11.84,2.89,2.23,18.0,112.0,1.72,1.32,0.43,0.95,2.65,0.96,2.52,500.0,-1.476978997523749,0.5195489643795719,-0.5380564905257694,-0.48719960163953946,0.8827784714319901,-0.9401398651011337,-0.7089252956544565,0.5440599360557052,-1.198112138812251,-1.0801010682862318,0.02719604360268891,-0.10578011078201727,-0.776807235900825
class_1,12.33,0.99,1.95,14.8,135.5,1.9,1.85,0.35,2.76,3.4,1.06,2.31,750.0,-0.8545216273872525,-1.2012759355351392,-1.6450922583891356,-1.5045817810749333,2.5687751298105,-0.6440661044368926,-0.17918567058562948,-0.11064076010544649,2.1498231050859866,-0.7481369910678147,0.46814638824773575,-0.41235484974084713,-0.03437185476787026
class_1,12.7,3.87,2.4,23.0,101.0,2.83,2.55,0.43,1.95,2.57,1.19,3.13,463.0,-0.38450279687602146,1.407132333809265,0.13407236853413115,1.1024600537282638,0.09358854623353856,0.8856483256616873,0.5204704379958398,0.5440599360557052,0.6515758412420241,-1.1155105698561962,1.0413818362862957,0.7847465119079171,-0.8866876723085023
class_1,12.0,0.92,2.24,19.0,86.0,2.42,2.26,0.3,1.62,2.5,1.38,3.12,278.0,-1.2737276113567297,-1.2646747476372602,-0.4985194988163626,-0.1692676705659788,-0.9825795335825317,0.21125809303758203,0.23061290729780237,-0.5198286952061661,0.0411788078241136,-1.1464938837299152,1.8791874911118835,0.7701477148146398,-1.4360898543468887
class_1,12.72,1.81,2.2,18.8,86.0,2.2,2.53,0.26,1.77,3.9,1.16,2.81,714.0,-0.35909637360514235,-0.45860413662457966,-0.6566674656539865,-0.2328540567806907,-0.9825795335825317,-0.1506098366631568,0.5004802634649407,-0.8471790432867419,0.3186320048322547,-0.5268276062555367,0.9090967328927816,0.31758500492303365,-0.14128254965101575
class_1,12.08,1.13,2.51,24.0,78.0,2.0,1.58,0.4,1.4,2.2,1.31,2.72,630.0,-1.17210191827322,-1.0744783113308973,0.5689792773375959,1.4203919848018245,-1.5565358428177691,-0.47958068184564734,-0.44905302675276776,0.29854717499527367,-0.3657525477878273,-1.279279514617282,1.5705222498603517,0.1861958310835353,-0.39074083771168855
class_1,12.29,3.86,2.32,22.5,85.0,1.65,1.59,0.61,1.62,4.8,0.84,2.01,515.0,-0.9053344739290085,1.3980753606518188,-0.1822235651411166,0.9434940881914835,-1.0543240722369362,-1.0552796609150055,-0.4390579394873182,2.0171365024182966,0.0411788078241136,-0.12847071359343623,-0.5019443699713668,-0.850318762539176,-0.7322611130328477
class_1,11.84,0.89,2.58,18.0,94.0,2.2,2.21,0.22,2.35,3.05,0.79,3.08,520.0,-1.476978997523749,-1.2918456671095975,0.8457382193034386,-0.48719960163953946,-0.4086232243472942,-0.1506098366631568,0.18063747097055474,-1.1745293913673178,1.3914510332637344,-0.9030535604364094,-0.7224195422938897,0.7117525264415293,-0.7174124054101886
class_1,12.67,0.98,2.24,18.0,99.0,2.2,1.94,0.3,1.46,2.62,1.23,3.16,450.0,-0.42261243178233676,-1.210332908692585,-0.4985194988163626,-0.48719960163953946,-0.0499005310752708,-0.1506098366631568,-0.08922988519658355,-0.5198286952061661,-0.2547712689845707,-1.0933796313749684,1.2177619741443144,0.8285429031877503,-0.9252943121274159
class_1,12.16,1.61,2.31,22.8,90.0,1.78,1.69,0.43,1.56,2.45,1.33,2.26,495.0,-1.0704762251897102,-0.6397435997734966,-0.2217605568505217,1.038873667513552,-0.6956013789649129,-0.8414486115463865,-0.33910706683282266,0.5440599360557052,-0.06980247097914301,-1.1686248222111428,1.658712318789361,-0.4853488352072356,-0.7916559435234841
class_1,11.65,1.61,2.62,26.0,88.0,1.92,1.61,0.4,1.34,2.6,1.36,2.81,562.0,-1.7183400185970839,-0.6397435997734966,1.0038861861410624,2.056255846948946,-0.8390904562737223,-0.6111690199186436,-0.41906776495641906,0.29854717499527367,-0.4767338265910835,-1.1022320067674596,1.7909974221828753,0.31758500492303365,-0.5926832613798522
class_1,12.29,2.06,2.46,21.6,84.0,1.95,1.69,0.37,1.35,2.8,1.0,2.81,680.0,-0.9053344739290085,-0.23217980768843346,0.37129431879056696,0.6573553502252794,-1.126068610891341,-0.5618233931412699,-0.33910706683282266,0.05303441393484157,-0.4582369467905407,-1.0137082528425485,0.20357618146070763,0.31758500492303365,-0.24225376148509759
class_1,12.08,1.33,2.3,23.6,70.0,2.2,2.03,0.37,1.38,1.74,1.07,3.21,625.0,-1.17210191827322,-0.8933388481819803,-0.26129754855992854,1.2932192123724007,-2.1304921520530065,-0.1506098366631568,0.0007259001924623979,0.05303441393484157,-0.4027463073889128,-1.4828841486445776,0.5122414227122404,0.9015368886541382,-0.4055895453343476
class_1,12.08,1.83,2.32,18.5,81.0,1.6,1.5,0.52,1.64,2.4,1.08,2.27,480.0,-1.17210191827322,-0.44049019030968795,-0.1822235651411166,-0.32823363610275913,-1.3413022268545551,-1.1375223722106276,-0.5290137248763643,1.2805982192370011,0.07817256742519872,-1.1907557606923709,0.5563364571767451,-0.47075003811395766,-0.8362020663914613
class_1,12.29,1.51,2.42,22.0,86.0,1.45,1.25,0.5,1.63,3.6,1.05,2.65,450.0,-0.9053344739290085,-0.7303133313479551,0.2131463519529431,0.7845281226547032,-0.9825795335825317,-1.3842505060974954,-0.7788909065126035,1.116923045196713,0.05967568762465596,-0.6596132371429034,0.42405135378323106,0.08400425143059158,-0.9252943121274159
class_1,12.69,1.53,2.26,20.7,80.0,1.38,1.46,0.58,1.62,3.05,0.96,2.06,491.5,-0.39720600851145993,-0.7121993850330633,-0.4194455153975524,0.3712166122590741,-1.4130467655089598,-1.4993903019113672,-0.5689940739381627,1.7716237413578644,0.0411788078241136,-0.9030535604364094,0.02719604360268891,-0.7773247770727876,-0.8020500388593454
class_1,12.29,2.83,2.22,18.0,88.0,2.45,2.25,0.25,1.99,2.15,1.15,3.3,290.0,-0.9053344739290085,0.46520712543489673,-0.5775934822351746,-0.48719960163953946,-0.8390904562737223,0.260603719814956,0.22061782003235303,-0.9290166303068859,0.7255633604441951,-1.3014104530985098,0.8650016984282769,1.0329260624936365,-1.400452956052507
class_1,12.29,1.99,2.28,18.0,98.0,3.02,2.26,0.17,1.35,3.25,1.16,2.96,345.0,-0.9053344739290085,-0.29557861979055444,-0.3403715319787405,-0.48719960163953946,-0.12164506972967548,1.1981706285850529,0.23061290729780237,-1.5837173264680375,-0.4582369467905407,-0.8145298065114981,0.9090967328927816,0.5365669613221977,-1.2371171722032568
class_1,12.29,1.52,2.2,20.0,135.5,2.5,2.27,0.32,2.9625000000000004,2.6,1.16,2.63,937.0,-0.9053344739290085,-0.7212563581905093,-0.6566674656539865,0.14866426050758186,2.5687751298105,0.3428464311105783,0.2406079945632522,-0.3561535211658781,2.524384921046978,-1.1022320067674596,0.9090967328927816,0.05480665724403632,0.5209698103195799
class_1,11.81,2.12,2.74,21.5,134.0,1.6,0.99,0.14,1.56,2.5,0.95,2.26,625.0,-1.5150886324300643,-0.17783796874375835,1.4783300866539342,0.6255621571179228,2.461158321828893,-1.1375223722106276,-1.0387631754142923,-1.8292300875284693,-0.06980247097914301,-1.1464938837299152,-0.016898990861815774,-0.4853488352072356,-0.4055895453343476
class_1,12.29,1.41,1.98,16.0,85.0,2.55,2.5,0.29,1.77,2.9,1.23,2.74,428.0,-0.9053344739290085,-0.8208830629224136,-1.5264812832609178,-1.1230634637866608,-1.0543240722369362,0.4250891424062005,0.47049500166859215,-0.6016662822263102,0.3186320048322547,-0.9694463758800927,1.2177619741443144,0.21539342527009056,-0.990628625667116
class_1,12.29,1.07,2.1,18.5,88.0,3.52,3.75,0.24,1.95,4.5,1.04,2.77,660.0,-0.9053344739290085,-1.1288201502755724,-1.0520373827480463,-0.32823363610275913,-0.8390904562737223,2.0205977415412786,1.7198809098497878,-1.0108542173270298,0.6515758412420241,-0.261256344480803,0.37995631931872637,0.2591898165499231,-0.30164859197573396
class_1,12.29,3.17,2.21,18.0,88.0,2.85,2.99,0.45,2.81,2.3,1.42,2.83,491.5,-0.9053344739290085,0.7731442127880555,-0.6171304739445814,-0.48719960163953946,-0.8390904562737223,0.9185454101799363,0.9602542776756211,0.7077351100959933,2.242307504088701,-1.2350176376548265,2.0555676289699023,0.34678259910958886,-0.8020500388593454
class_1,12.08,2.08,1.76,17.5,97.0,2.23,2.17,0.37,1.4,3.3,1.27,2.96,1793.75,-1.17210191827322,-0.21406586137354178,-2.396295100867848,-0.6461655671763198,-0.19338960838408017,-0.1012642098857836,0.14065712190875643,0.05303441393484157,-0.3657525477878273,-0.7923988680302704,1.3941421120023332,0.5365669613221977,3.065295861462216
class_1,12.6,1.34,1.9,18.5,88.0,1.45,1.36,0.29,1.35,2.45,1.04,2.77,562.0,-0.511534913230408,-0.8842818750245345,-1.8427772169361656,-0.32823363610275913,-0.8390904562737223,-1.3842505060974954,-0.6689449465926581,-0.6016662822263102,-0.4582369467905407,-1.1686248222111428,0.37995631931872637,0.2591898165499231,-0.5926832613798522
class_1,12.34,1.61,2.24,21.0,98.0,2.56,2.11,0.34,1.31,2.8,1.04,3.38,438.0,-0.841818415751814,-0.6397435997734966,-0.4985194988163626,0.4665961915811425,-0.12164506972967548,0.4415376846653254,0.080686598316059,-0.19247834712559006,-0.5322244659927118,-1.0137082528425485,0.37995631931872637,1.1497164392398576,-0.9609312104217977
class_1,12.29,1.72,1.88,19.5,86.0,2.5,2.03,0.37,1.62,2.06,0.94,2.44,415.0,-0.9053344739290085,-0.5401168950415923,-1.9218512003549775,-0.010301705029198473,-0.9825795335825317,0.3428464311105783,0.0007259001924623979,0.05303441393484157,0.0411788078241136,-1.3412461423647197,-0.06099402532632046,-0.2225704875282383,-1.0292352654860295
class_1,12.51,1.73,1.98,20.5,85.0,2.2,1.92,0.32,1.48,2.94,1.04,3.57,672.0,-0.6258638179493562,-0.5310599218841465,-1.5264812832609178,0.3076302260443622,-1.0543240722369362,-0.1506098366631568,-0.1092200597274827,-0.3561535211658781,-0.21777750938348514,-0.9517416250951105,0.37995631931872637,1.4270935840121322,-0.26601169368135213
class_1,12.42,1.61,2.27,22.0,90.0,1.68,1.84,0.66,1.42,2.7,0.86,3.3,315.0,-0.7401927226683043,-0.6397435997734966,-0.3799085236881456,0.7845281226547032,-0.6956013789649129,-1.0059340341376317,-0.18918075785107907,2.4263244375190167,-0.32875878818674176,-1.057970129805004,-0.41375430104235744,1.0329260624936365,-1.3262094179392114
class_1,12.25,1.73,2.12,19.0,80.0,1.65,2.03,0.37,1.63,3.4,1.0,3.17,491.5,-0.9561473204707621,-0.5310599218841465,-0.9729633993292343,-0.1692676705659788,-1.4130467655089598,-1.0552796609150055,0.0007259001924623979,0.05303441393484157,0.05967568762465596,-0.7481369910678147,0.20357618146070763,0.8431417002810276,-0.8020500388593454
class_1,12.72,1.75,2.28,22.5,84.0,1.38,1.76,0.48,1.62,3.3,0.88,2.42,488.0,-0.35909637360514235,-0.5129459755692548,-0.3403715319787405,0.9434940881914835,-1.126068610891341,-1.4993903019113672,-0.26914145597467565,0.953247871156425,0.0411788078241136,-0.7923988680302704,-0.32556423211334806,-0.25176808171479353,-0.8124441341952068
class_1,12.22,1.29,1.94,19.0,92.0,2.36,2.04,0.39,2.08,2.7,0.86,3.02,312.0,-0.9942569553770775,-0.9295667408117637,-1.6846292500985418,-0.1692676705659788,-0.5521123016561036,0.11256683948283489,0.010720987457912194,0.21670958797512963,0.89203527864908,-1.057970129805004,-0.41375430104235744,0.6241597438818635,-1.335118642512807
class_1,11.61,1.35,2.7,20.0,94.0,2.74,2.92,0.29,2.49,2.65,0.96,3.26,680.0,-1.7691528651388397,-0.8752249018670886,1.3201821198163102,0.14866426050758186,-0.4086232243472942,0.7376114453295669,0.8902886668174739,-0.6016662822263102,1.650407350471333,-1.0801010682862318,0.02719604360268891,0.974530874120526,-0.24225376148509759
class_1,11.46,3.74,1.82,19.5,107.0,3.18,2.58,0.24,2.9625000000000004,2.95,0.75,2.81,562.0,-1.9597010396704184,1.289391682762469,-2.1590731506114125,-0.010301705029198473,0.5240557781599666,1.4613473047310452,0.5504556997921888,-1.0108542173270298,2.524384921046978,-0.9473154373988648,-0.8987996801519085,0.31758500492303365,-0.5926832613798522
class_1,12.52,2.43,2.17,21.0,88.0,2.55,2.27,0.26,1.22,2.0,0.9,2.78,325.0,-0.6131606063139178,0.10292819913706296,-0.7752784407822053,0.4665961915811425,-0.8390904562737223,0.4250891424062005,0.2406079945632522,-0.8471790432867419,-0.6986963841975967,-1.3678032685421933,-0.2373741631843387,0.2737886136432004,-1.2965120026938932
class_1,11.76,2.68,2.92,20.0,103.0,1.75,2.03,0.6,1.05,3.8,1.23,2.5,607.0,-1.5786046906072588,0.32935252807320914,2.18999593742324,0.14866426050758186,0.23707762354234793,-0.8907942383237601,0.0007259001924623979,1.9352989153981524,-1.0131433408068233,-0.5710894832179924,1.2177619741443144,-0.13497770496857253,-0.45904489277592037
class_1,11.41,0.74,2.5,21.0,88.0,2.48,2.01,0.42,1.44,3.08,1.1,2.31,434.0,-2.023217097847613,-1.4277002644712853,0.5294422856281908,0.4665961915811425,-0.8390904562737223,0.3099493465923292,-0.01926427433843675,0.46222234903556125,-0.2917650285856562,-0.8897749973476726,0.6445265261057544,-0.41235484974084713,-0.972810176519925
class_1,12.08,1.39,2.5,22.5,84.0,2.56,2.29,0.43,1.04,2.9,0.93,3.19,385.0,-1.17210191827322,-0.8389970092373054,0.5294422856281908,0.9434940881914835,-1.126068610891341,0.4415376846653254,0.26059816909415134,0.5440599360557052,-1.031640220607366,-0.9694463758800927,-0.10508905979082465,0.8723392944675828,-1.1183275112219841
class_1,11.03,1.51,2.2,21.5,85.0,2.46,2.17,0.52,2.01,1.9,1.5999999999999999,2.87,407.0,-2.5059391399942847,-0.7303133313479551,-0.6566674656539865,0.6255621571179228,-1.0543240722369362,0.2770522620740801,0.14065712190875643,1.2805982192370011,0.7625571200452803,-1.412065145504649,2.8492782493309856,0.4051777874826994,-1.0529931976822842
class_1,11.82,1.47,1.99,20.8,86.0,1.98,1.6,0.3,1.53,2.95,0.95,3.33,495.0,-1.502385420794626,-0.7665412239777385,-1.4869442915515119,0.4030098053664306,-0.9825795335825317,-0.5124777663638964,-0.42906285222186863,-0.5198286952061661,-0.12529311038077132,-0.9473154373988648,-0.016898990861815774,1.0767224537734696,-0.7916559435234841
class_1,12.42,1.61,2.19,22.5,108.0,2.0,2.09,0.34,1.61,2.06,1.06,2.96,345.0,-0.7401927226683043,-0.6397435997734966,-0.6962044573633933,0.9434940881914835,0.5958003168143713,-0.47958068184564734,0.060696423785159846,-0.19247834712559006,0.02268192802357083,-1.3412461423647197,0.46814638824773575,0.5365669613221977,-1.2371171722032568
class_1,12.77,3.43,1.98,16.0,80.0,1.63,1.25,0.43,0.83,3.4,0.7,2.12,372.0,-0.2955803154279502,1.0086255148816476,-1.5264812832609178,-1.1230634637866608,-1.4130467655089598,-1.0881767454332545,-0.7788909065126035,0.5440599360557052,-1.420074696418764,-0.7481369910678147,-1.1192748524744318,-0.6897319945131217,-1.1569341510408977
class_1,12.0,3.43,2.0,19.0,87.0,2.0,1.64,0.37,1.87,1.28,0.93,3.05,564.0,-1.2737276113567297,1.0086255148816476,-1.447407299842106,-0.1692676705659788,-0.9108349949281269,-0.47958068184564734,-0.38908250316007054,0.05303441393484157,0.5036008028376824,-1.6864887826718735,-0.10508905979082465,0.667956135161696,-0.5867437783307886
class_1,11.45,2.4,2.42,20.0,96.0,2.9,2.79,0.32,1.83,3.25,0.8,3.39,625.0,-1.972404251305859,0.07575727966472519,0.2131463519529431,0.14866426050758186,-0.26513414703848487,1.0007881214755585,0.7603525323666296,-0.3561535211658781,0.4296132836355113,-0.8145298065114981,-0.678324507829385,1.1643152363331355,-0.4055895453343476
class_1,11.56,2.05,3.0,27.950000000000003,119.0,2.2,5.08,0.47,1.87,6.0,0.93,3.69,465.0,-1.8326689233160318,-0.24123678084587954,2.5062918710984876,2.67622311254239,1.3849902420128228,-0.1506098366631568,3.04922751615458,0.871410284136281,0.5036008028376824,0.4026718099560312,-0.10508905979082465,1.6022791491314636,-0.8807481892594387
class_1,12.42,4.43,2.24,26.5,102.0,2.2,2.13,0.43,1.71,2.08,0.92,3.12,365.0,-0.7401927226683043,1.9143228306262319,-0.4985194988163626,2.215221812485726,0.16533308488794324,-0.1506098366631568,0.10067677284695814,0.5440599360557052,0.2076507260289981,-1.3323937669722288,-0.14918409425532933,0.7701477148146398,-1.1777223417126206
class_1,13.05,5.3825,2.13,21.5,86.0,2.62,2.03,0.3,2.01,2.95,0.73,3.1,380.0,0.06010961036433489,2.7769995238729495,-0.9334264076198292,0.6255621571179228,-0.9825795335825317,0.5402289382200726,0.0007259001924623979,-0.5198286952061661,0.7625571200452803,-0.9473154373988648,-0.9869897490809179,0.7409501206280845,-1.1331762188446433
class_1,11.87,4.31,2.39,21.0,82.0,2.86,3.03,0.21,2.91,2.8,0.75,3.64,380.0,-1.4388693626174338,1.8056391527368816,0.09453537682472607,0.4665961915811425,-1.2695576882001505,0.9349939524390605,1.000234626737419,-1.2563669783874618,2.4272763020941284,-1.0137082528425485,-0.8987996801519085,1.5292851636650757,-1.1331762188446433
class_1,12.07,2.16,2.17,21.0,85.0,2.6,2.65,0.37,1.35,2.76,0.86,3.28,378.0,-1.1848051299086584,-0.14161007611397494,-0.7752784407822053,0.4665961915811425,-1.0543240722369362,0.5073318537018235,0.6204213106503356,0.05303441393484157,-0.4582369467905407,-1.0314130036275306,-0.41375430104235744,1.0037284683070813,-1.1391157018937068
class_1,12.43,1.53,2.29,21.5,86.0,2.74,3.15,0.39,1.77,3.94,0.69,2.84,352.0,-0.7274895110328659,-0.7121993850330633,-0.30083454026933365,0.6255621571179228,-0.9825795335825317,0.7376114453295669,1.120175673922814,0.21670958797512963,0.3186320048322547,-0.5091228554705544,-1.1633698869389366,0.3613813962028662,-1.2163289815315341
class_1,11.79,2.13,2.78,27.950000000000003,92.0,2.13,2.24,0.58,1.76,3.0,0.97,2.44,466.0,-1.5404950557009436,-0.16878099558631268,1.6364780534915562,2.67622311254239,-0.5521123016561036,-0.2657496324770289,0.2106227327669037,1.7716237413578644,0.3001351250317119,-0.9251844989176371,0.07129107806719359,-0.2225704875282383,-0.8777784477349068
class_1,12.37,1.63,2.3,24.5,88.0,2.2,2.45,0.4,1.9,2.12,0.89,2.78,342.0,-0.8037087808454987,-0.621629653458605,-0.26129754855992854,1.5793579503386048,-0.8390904562737223,-0.1506098366631568,0.4205195653413445,0.29854717499527367,0.5590914422393103,-1.3146890161872464,-0.28146919764884337,0.2737886136432004,-1.2460263967768523
class_1,12.04,4.3,2.38,20.0,80.0,2.1,1.75,0.42,1.35,2.95,0.79,2.57,580.0,-1.2229147648149759,1.7965821795794361,0.054998385115319216,0.14866426050758186,-1.4130467655089598,-0.31509525925440207,-0.2791365432401252,0.46222234903556125,-0.4582369467905407,-0.9473154373988648,-0.7224195422938897,-0.03278612531562945,-0.5392279139382795
class_2,12.86,1.35,2.32,18.0,122.0,1.665,1.25,0.21,0.94,4.1,0.65,1.29,630.0,-0.18125141070900208,-0.8752249018670886,-0.1822235651411166,-0.48719960163953946,1.6002238579760368,-1.0306068475263184,-0.7788909065126035,-1.2563669783874618,-1.2166090186127938,-0.4383038523306256,-1.3397500247969547,-1.901432153255164,-0.39074083771168855
class_2,12.88,3.27,2.4,20.0,104.0,1.3,1.22,0.47,0.83,7.625,0.74,1.42,530.0,-0.15584498743812294,0.8637139443625139,0.13407236853413115,0.14866426050758186,0.3088221621967526,-1.630978639984363,-0.8088761683089523,0.871410284136281,-1.420074696418764,1.1219273105959349,-0.9428947146164132,-1.7116477910425552,-0.6877149901648704
class_2,12.81,2.31,2.4,24.0,98.0,1.15,1.09,0.27,0.83,5.7,0.66,1.36,560.0,-0.24476746888619422,-0.005755478752287304,0.13407236853413115,1.4203919848018245,-0.12164506972967548,-1.877706773871231,-0.9388123027597964,-0.7653414562665978,-1.420074696418764,0.2698861790686644,-1.2956549903324501,-1.7992405736022206,-0.5986227444289158
class_2,12.7,3.55,2.36,21.5,106.0,1.7,1.2,0.17,0.84,5.0,0.65,1.29,600.0,-0.38450279687602146,1.1173091927709975,-0.02407559830349272,0.6255621571179228,0.45231123950556196,-0.9730369496193828,-0.8288663428398514,-1.5837173264680375,-1.4015778166182213,-0.03994695966852492,-1.3397500247969547,-1.901432153255164,-0.4798330834476431
class_2,12.51,1.24,2.25,21.0,85.0,2.0,0.58,0.6,1.25,5.45,0.65,1.51,650.0,-0.6258638179493562,-0.974851606598993,-0.45898250710695754,0.4665961915811425,-1.0543240722369362,-0.47958068184564734,-1.4485617532977244,1.9352989153981524,-0.6432057447959684,0.1592314866625254,-1.3397500247969547,-1.5802586172030564,-0.3313460072210521
class_2,12.6,2.46,2.2,18.5,94.0,1.665,0.66,0.63,0.94,7.1,0.73,1.68,695.0,-0.511534913230408,0.13009911860940032,-0.6566674656539865,-0.32823363610275913,-0.4086232243472942,-1.0306068475263184,-1.3686010551741277,2.1808116764585845,-1.2166090186127938,0.8895524565430427,-0.9869897490809179,-1.332079066617337,-0.1977076386171203
class_2,12.25,4.72,2.54,21.0,89.0,1.38,0.47,0.53,0.8,7.625,0.75,1.27,720.0,-0.9561473204707621,2.1769750521921614,0.6875902524658147,0.4665961915811425,-0.7673459176193176,-1.4993903019113672,-1.5585077132176697,1.362435806257145,-1.4755653358203922,1.1219273105959349,-0.8987996801519085,-1.9306297474417191,-0.12346410050382482
class_2,12.53,5.3825,2.64,25.0,96.0,1.79,0.6,0.63,1.1,5.0,0.82,1.69,515.0,-0.6004573946784794,2.7769995238729495,1.0829601695598745,1.7383239158753852,-0.26513414703848487,-0.825000069287262,-1.4285715787668252,2.1808116764585845,-0.9206589418041095,-0.03994695966852492,-0.5901344389003762,-1.3174802695240595,-0.7322611130328477
class_2,13.11,3.59,2.19,19.5,88.0,1.62,0.48,0.58,0.88,5.7,0.81,1.82,580.0,0.13632888017696548,1.153537085400781,-0.6962044573633933,-0.010301705029198473,-0.8390904562737223,-1.1046252876923786,-1.54851262595222,1.7716237413578644,-1.32759029741605,0.2698861790686644,-0.6342294733648803,-1.1276959073114503,-0.5392279139382795
class_2,12.84,2.96,2.61,24.0,101.0,2.32,0.6,0.53,0.81,4.92,0.89,2.15,590.0,-0.20665783397987894,0.5829477764816927,0.9643491944316557,1.4203919848018245,0.09358854623353856,0.04677267044633678,-1.4285715787668252,1.362435806257145,-1.4570684560198492,-0.07535646123848944,-0.28146919764884337,-0.6459356032332892,-0.5095304986929613
class_2,12.93,2.81,2.7,21.0,96.0,1.54,0.5,0.53,0.75,4.6,0.77,2.31,600.0,-0.0923289292609308,0.44709317912000507,1.3201821198163102,0.4665961915811425,-0.26513414703848487,-1.2362136257653749,-1.528522451421321,1.362435806257145,-1.568049734823106,-0.21699446751834753,-0.8106096112228991,-0.41235484974084713,-0.4798330834476431
class_2,13.36,2.56,2.35,20.0,89.0,1.4,0.5,0.37,1.11,5.6,0.7,2.47,780.0,0.453909171062933,0.22066885018385887,-0.06361259001289782,0.14866426050758186,-0.7673459176193176,-1.4664932173931182,-1.528522451421321,0.05303441393484157,-0.9021620620035667,0.22562430210620857,-1.1192748524744318,-0.1787740962484051,0.05472039096808431
class_2,13.52,3.17,2.72,23.5,97.0,1.55,0.52,0.5,0.55,4.35,0.89,1.68,520.0,0.6571605572299524,0.7731442127880555,1.3992561032351223,1.2614260192650442,-0.19338960838408017,-1.2197650835062503,-1.5085322768904217,1.116923045196713,-1.9379873308339608,-0.32764915992448657,-0.28146919764884337,-1.332079066617337,-0.7174124054101886
class_2,13.62,4.95,2.35,20.0,92.0,2.0,0.8,0.47,1.02,4.4,0.91,2.05,550.0,0.784192673584339,2.3852854348134165,-0.06361259001289782,0.14866426050758186,-0.5521123016561036,-0.47958068184564734,-1.2286698334578339,0.871410284136281,-1.0686339802084517,-0.3055182214432584,-0.19327912871983402,-0.7919235741660655,-0.628320159674234
class_2,12.25,3.88,2.2,18.5,112.0,1.38,0.78,0.29,1.14,8.21,0.65,2.0,855.0,-0.9561473204707621,1.4161893069667104,-0.6566674656539865,-0.32823363610275913,0.8827784714319901,-1.4993903019113672,-1.2486600079887331,-0.6016662822263102,-0.8466714226019388,1.3808592908263004,-1.3397500247969547,-0.8649175596324533,0.27745100530797073
class_2,13.16,3.57,2.15,21.0,102.0,1.665,0.55,0.43,1.3,4.0,0.6,1.68,830.0,0.19984493835415987,1.1354231390858893,-0.8543524242010172,0.4665961915811425,0.16533308488794324,-1.0306068475263184,-1.478547015094073,0.5440599360557052,-0.5507213457932546,-0.482565729293081,-1.5602251971194783,-1.332079066617337,0.20320746719467525
class_2,13.88,5.04,2.23,20.0,80.0,0.98,0.34,0.4,0.68,4.9,0.58,1.33,415.0,1.1144761761057471,2.466798193230429,-0.5380564905257694,0.14866426050758186,-1.4130467655089598,-2.1573319922763474,-1.688443847668514,0.29854717499527367,-1.6975278934269051,-0.08420883663098037,-1.6484152660484876,-1.8430369648820535,-1.0292352654860295
class_2,12.87,4.61,2.48,21.5,86.0,1.7,0.65,0.47,0.86,7.65,0.54,1.86,625.0,-0.16854819907356364,2.0773483474602576,0.4503683022093789,0.6255621571179228,-0.9825795335825317,-0.9730369496193828,-1.3785961424395774,0.871410284136281,-1.3645840570171357,1.132992779836549,-1.8247954039065057,-1.06930071893834,-0.4055895453343476
class_2,13.32,3.24,2.38,21.5,92.0,1.93,0.76,0.45,1.25,8.42,0.55,1.62,650.0,0.4030963245211793,0.8365430248901766,0.054998385115319216,0.6255621571179228,-0.5521123016561036,-0.594720477659519,-1.2686501825196321,0.7077351100959933,-0.6432057447959684,1.473809232447457,-1.7807003694420012,-1.4196718491770026,-0.3313460072210521
class_2,13.08,3.9,2.36,21.5,113.0,1.41,1.39,0.34,1.14,9.4,0.57,1.68,550.0,0.09821924527065018,1.4343032532816022,-0.02407559830349272,0.6255621571179228,0.9545230100863947,-1.4500446751339937,-0.6389596847963097,-0.19247834712559006,-0.8466714226019388,1.907575626679522,-1.6925103005129922,-1.332079066617337,-0.628320159674234
class_2,13.11,3.12,2.62,24.0,123.0,1.4,0.68,0.22,1.25,8.6,0.59,1.3,500.0,0.13632888017696548,0.7278593470008263,1.0038861861410624,1.4203919848018245,1.6719683966304415,-1.4664932173931182,-1.3486108806432286,-1.1745293913673178,-0.6432057447959684,1.5534806109798769,-1.6043202315839828,-1.8868333561618864,-0.776807235900825
class_2,12.79,2.67,2.48,22.0,96.5,1.48,1.36,0.24,1.26,10.8,0.48,1.47,480.0,-0.2701738921570733,0.32029555491576306,0.4503683022093789,0.7845281226547032,-0.2292618777112825,-1.334904879320122,-0.6689449465926581,-1.0108542173270298,-0.6247088649954257,2.5272419041539007,-2.089365610693534,-1.638653805576167,-0.8362020663914613
class_2,13.11,1.9,2.75,25.5,116.0,2.2,1.28,0.26,1.56,7.1,0.61,1.33,425.0,0.13632888017696548,-0.37709137820756716,1.5178670783633392,1.8972898814121655,1.1697566260496088,-0.1506098366631568,-0.7489056447162548,-0.8471790432867419,-0.06980247097914301,0.8895524565430427,-1.5161301626549735,-1.8430369648820535,-0.9995378502407114
class_2,13.23,3.3,2.28,21.0,98.0,1.8,0.83,0.61,1.87,10.52,0.56,1.51,675.0,0.28876741980223114,0.8908848638348513,-0.3403715319787405,0.4665961915811425,-0.12164506972967548,-0.8085515270281375,-1.1986845716614851,2.0171365024182966,0.5036008028376824,2.4033086486590247,-1.7366053349774964,-1.5802586172030564,-0.2571024691077567
class_2,12.58,1.29,2.1,20.0,103.0,1.48,0.58,0.53,1.4,7.6,0.58,1.55,640.0,-0.536941336501285,-0.9295667408117637,-1.0520373827480463,0.14866426050758186,0.23707762354234793,-1.334904879320122,-1.4485617532977244,1.362435806257145,-0.3657525477878273,1.1108618413553208,-1.6484152660484876,-1.521863428829946,-0.36104342246637033
class_2,13.17,5.19,2.32,22.0,93.0,1.74,0.63,0.61,1.55,7.9,0.6,1.48,725.0,0.2125481499895983,2.602652790592117,-0.1822235651411166,0.7845281226547032,-0.48036776300169887,-0.9072427805828847,-1.3985863169704766,2.0171365024182966,-0.08829935077968577,1.243647472242688,-1.5602251971194783,-1.6240550084828893,-0.10861539288116573
class_2,13.84,4.12,2.38,19.5,89.0,1.8,0.83,0.47,1.56,9.01,0.57,1.64,480.0,1.0636633295639912,1.633556662745411,0.054998385115319216,-0.010301705029198473,-0.7673459176193176,-0.8085515270281375,-1.1986845716614851,0.871410284136281,-0.06980247097914301,1.734954306525945,-1.6925103005129922,-1.3904742549904476,-0.8362020663914613
class_2,12.45,3.03,2.64,21.0,97.0,1.9,0.58,0.63,1.14,7.5,0.67,1.73,880.0,-0.702083087761989,0.6463465885838134,1.0829601695598745,0.4665961915811425,-0.19338960838408017,-0.6440661044368926,-1.4485617532977244,2.1808116764585845,-0.8466714226019388,1.0665999643928654,-1.2515599558679453,-1.2590850811509489,0.3516945434212662
class_2,14.34,1.68,2.7,25.0,98.0,2.8,1.31,0.53,2.7,10.842500000000001,0.57,1.96,660.0,1.6988239113359263,-0.5763447876713758,1.3201821198163102,1.7383239158753852,-0.12164506972967548,0.8363026988843133,-0.718920382919906,1.362435806257145,2.038841826282731,2.5460532018629447,-1.6925103005129922,-0.9233127480055638,-0.30164859197573396
class_2,13.48,1.67,2.64,22.5,89.0,2.6,1.1,0.52,2.29,10.842500000000001,0.57,1.78,620.0,0.6063477106881987,-0.5854017608288217,1.0829601695598745,0.9434940881914835,-0.7673459176193176,0.5073318537018235,-0.9288172154943469,1.2805982192370011,1.2804697544604777,2.5460532018629447,-1.6925103005129922,-1.1860910956845607,-0.4204382529570067
class_2,12.36,3.83,2.38,21.0,88.0,2.3,0.92,0.5,1.04,7.65,0.56,1.68,520.0,-0.8164119924809371,1.3709044411794815,0.054998385115319216,0.4665961915811425,-0.8390904562737223,0.013875585928087726,-1.1087287862724393,1.116923045196713,-1.031640220607366,1.132992779836549,-1.7366053349774964,-1.332079066617337,-0.7174124054101886
class_2,13.69,3.26,2.38,20.0,96.5,1.83,0.56,0.5,0.8,5.88,0.96,1.82,680.0,0.8731151550324102,0.8546569712050679,0.054998385115319216,0.14866426050758186,-0.2292618777112825,-0.759205900250764,-1.4685519278286234,1.116923045196713,-1.4755653358203922,0.34955755760108437,0.02719604360268891,-1.1276959073114503,-0.24225376148509759
class_2,12.85,3.27,2.58,22.0,106.0,1.665,0.6,0.6,0.96,5.58,0.65,2.11,570.0,-0.1939546223444405,0.8637139443625139,0.8457382193034386,0.7845281226547032,0.45231123950556196,-1.0306068475263184,-1.4285715787668252,1.9352989153981524,-1.1796152590117082,0.21677192671371764,-1.3397500247969547,-0.7043307916063997,-0.5689253291835976
class_2,13.11,3.45,2.35,18.5,106.0,1.39,0.7,0.4,0.94,5.28,0.68,1.75,675.0,0.13632888017696548,1.0267394611965395,-0.06361259001289782,-0.32823363610275913,0.45231123950556196,-1.4829417596522427,-1.3286207061123296,0.29854717499527367,-1.2166090186127938,0.08398629582635089,-1.2074649214034407,-1.2298874869643937,-0.2571024691077567
class_2,13.78,2.76,2.3,22.0,90.0,1.35,0.68,0.41,1.03,9.58,0.7,1.68,615.0,0.9874440597513584,0.40180831333277556,-0.26129754855992854,0.7845281226547032,-0.6956013789649129,-1.5487359286887405,-1.3486108806432286,0.3803847620154172,-1.0501371004079088,1.987247005211942,-1.1192748524744318,-1.332079066617337,-0.4352869605796658
class_2,13.73,4.36,2.26,22.5,88.0,1.28,0.47,0.52,1.15,6.62,0.78,1.75,520.0,0.9239280015741662,1.8509240185241116,-0.4194455153975524,0.9434940881914835,-0.8390904562737223,-1.6638757245026121,-1.5585077132176697,1.2805982192370011,-0.828174542801396,0.677095447123256,-0.7665145767583944,-1.2298874869643937,-0.7174124054101886
class_2,13.11,3.7,2.6,23.0,111.0,1.7,0.92,0.43,1.46,10.68,0.85,1.56,695.0,0.13632888017696548,1.2531637901326855,0.9248122027222505,1.1024600537282638,0.8110339327775854,-0.9730369496193828,-1.1087287862724393,0.5440599360557052,-0.2547712689845707,2.4741276517989537,-0.45784933550686213,-1.5072646317366682,-0.1977076386171203
class_2,12.82,3.37,2.3,19.5,88.0,1.48,0.66,0.4,0.97,10.26,0.72,1.75,685.0,-0.2320642572507558,0.9542836759369725,-0.26129754855992854,-0.010301705029198473,-0.8390904562737223,-1.334904879320122,-1.3686010551741277,0.29854717499527367,-1.1611183792111655,2.28822776855664,-1.0310847835454224,-1.2298874869643937,-0.22740505386243848
class_2,13.58,2.58,2.69,24.5,105.0,1.55,0.84,0.39,1.54,8.66,0.74,1.8,750.0,0.7333798270425853,0.2387827964987506,1.2806451281069033,1.5793579503386048,0.3805667008511573,-1.2197650835062503,-1.1886894843960358,0.21670958797512963,-0.10679623058022854,1.5800377371573504,-0.9428947146164132,-1.1568935014980055,-0.03437185476787026
class_2,13.4,4.6,2.86,25.0,112.0,1.98,0.96,0.27,1.11,8.5,0.65,1.92,630.0,0.504722017604689,2.0682913743028113,1.952773987166804,1.7383239158753852,0.8827784714319901,-0.5124777663638964,-1.0687484372106408,-0.7653414562665978,-0.9021620620035667,1.5092187340174215,-1.3397500247969547,-0.9817079363786744,-0.39074083771168855
class_2,12.2,3.03,2.32,19.0,96.0,1.25,0.49,0.4,0.73,5.5,0.66,1.83,510.0,-1.0196633786479565,0.6463465885838134,-0.1822235651411166,-0.1692676705659788,-0.26513414703848487,-1.7132213512799856,-1.5385175386867704,0.29854717499527367,-1.6050434944241914,0.18136242514375311,-1.2956549903324501,-1.1130971102181726,-0.7471098206555068
class_2,12.77,2.39,2.28,21.0,86.0,1.39,0.51,0.47,0.64,9.899999,0.57,1.63,470.0,-0.2955803154279502,0.06670030650727954,-0.3403715319787405,0.4665961915811425,-0.9825795335825317,-1.4829417596522427,-1.5185273641558714,0.871410284136281,-1.7715154126290762,2.12888456887303,-1.6925103005129922,-1.4050730520837253,-0.8658994816367795
class_2,14.16,2.51,2.48,20.0,91.0,1.68,0.7,0.44,1.24,9.7,0.62,1.71,660.0,1.47016610189803,0.1753839843966294,0.4503683022093789,0.14866426050758186,-0.6238568403105083,-1.0059340341376317,-1.3286207061123296,0.6258975230758493,-0.6617026245965112,2.0403612575668886,-1.4720351281904689,-1.2882826753375043,-0.30164859197573396
class_2,13.71,5.3825,2.45,20.5,95.0,1.68,0.61,0.52,1.06,7.7,0.64,1.74,740.0,0.8985215783032894,2.7769995238729495,0.3317573270811619,0.3076302260443622,-0.33687868569288953,-1.0059340341376317,-1.4185764915013759,1.2805982192370011,-0.9946464610062805,1.1551237183177767,-1.3838450592614595,-1.2444862840576714,-0.06406927001318845
class_2,13.11,3.91,2.48,21.0,102.0,1.8,0.68,0.43,1.41,7.3,0.7,1.56,750.0,0.13632888017696548,1.4433602264390484,0.4503683022093789,0.4665961915811425,0.16533308488794324,-0.8085515270281375,-1.3486108806432286,0.5440599360557052,-0.3472556679872845,0.978076210467954,-1.1192748524744318,-1.5072646317366682,-0.03437185476787026
class_2,13.27,4.28,2.26,20.0,120.0,1.59,0.69,0.43,1.35,10.2,0.59,1.56,835.0,0.33958026634398486,1.7784682332645447,-0.4194455153975524,0.14866426050758186,1.4567347806672275,-1.153970914469752,-1.3386157933777791,0.5440599360557052,-0.4582369467905407,2.2616706423791664,-1.6043202315839828,-1.5072646317366682,0.21805617481733433
class_2,13.17,2.59,2.37,20.0,120.0,1.65,0.68,0.53,1.46,9.3,0.6,1.62,840.0,0.2125481499895983,0.24783976965619622,0.015461393405914126,0.14866426050758186,1.4567347806672275,-1.0552796609150055,-1.3486108806432286,1.362435806257145,-0.2547712689845707,1.8633137497170666,-1.5602251971194783,-1.4196718491770026,0.23290488243999344
class_2,14.13,4.1,2.74,24.5,96.0,2.05,0.76,0.56,1.35,9.2,0.61,1.6,560.0,1.4320564669917148,1.615442716430519,1.4783300866539342,1.5793579503386048,-0.26513414703848487,-0.39733797055002507,-1.2686501825196321,1.6079485673175773,-0.4582369467905407,1.8190518727546103,-1.5161301626549735,-1.4488694433635578,-0.5986227444289158
class_0,13.73,1.5,2.7,22.5,101.0,3.0,3.25,0.29,2.38,5.7,1.19,2.71,1285.0,0.9239280015741662,-0.739370304505401,1.3201821198163102,0.9434940881914835,0.09358854623353856,1.1652735440668038,1.2201265465773095,-0.6016662822263102,1.4469416726653623,0.2698861790686644,1.0413818362862957,0.17159703399025736,1.5544398608566528
