,count,mean,std,min,25%,50%,75%,max
alcohol,179.0,13.002681564245814,0.7894106493517168,11.03,12.33,13.05,13.71,14.83
malic_acid,179.0,2.3163547486033518,1.1072187552791593,0.74,1.5950000000000002,1.81,3.1100000000000003,5.3825
ash,179.0,2.36608938547486,0.2536371664209914,1.76,2.225,2.36,2.535,3.0
alcalinity_of_ash,179.0,19.53240223463687,3.154150170485309,10.749999999999998,17.2,19.5,21.5,27.950000000000003
magnesium,179.0,99.69553072625699,13.977440978872735,70.0,88.0,97.0,107.0,135.5
total_phenols,179.0,2.291564245810056,0.6096619620149671,0.98,1.745,2.35,2.8,3.85
flavanoids,179.0,2.02927374301676,1.0032979482478688,0.34,1.15,2.09,2.9050000000000002,5.08
nonflavanoid_phenols,179.0,0.36351955307262573,0.12253599979084903,0.13,0.27,0.34,0.435,0.66
proanthocyanins,179.0,1.5977374301675977,0.5421482246800187,0.41,1.25,1.57,1.935,2.9625000000000004
color_intensity,179.0,5.090251391061453,2.2656180067759157,1.28,3.23,4.8,6.275,10.8425
hue,179.0,0.9538324022346368,0.22741904315907202,0.48,0.775,0.98,1.105,1.6
od280/od315_of_diluted_wines,179.0,2.5924581005586593,0.6869093721839328,1.27,1.9249999999999998,2.78,3.1100000000000003,4.0
proline,179.0,761.5740223463687,337.6741868996453,278.0,500.0,675.0,1017.5,1793.75
